,Topotecan,Gemcitabine,Gefitinib,Cisplatin,Doxorubicin,Erlotinib,Docetaxel,Paclitaxel,Carboplatin
GSM746861.CEL,-6.40649681419296,-0.759532726782277,-2.69792004207665,-0.344324814906694,-4.76316670240458,1.00776358418246,-0.688237702651794,-2.97794982177677,-0.790186641372207
