,Topotecan,Gemcitabine,Gefitinib,Cisplatin,Doxorubicin,Erlotinib,Docetaxel,Paclitaxel,Carboplatin
1145p,-3.13536105884387,-0.976937729314151,-2.01602321335878,-0.674285534914106,-2.2364451552077,0.218341459215221,-0.992109019671254,-1.67936389457318,1.76648704123423
272p,0.195768039777354,1.79000081660069,-0.436919262076655,-2.7327184514095,-1.33741656144726,0.17632836304043,0.939799717692712,4.5606511260309,-1.99008601897579
286p,-7.41133067293378,-1.09200227372498,0.621761781097743,-0.719120654167178,0.228761749318832,1.90613139674401,-0.0535926899464874,-0.707821908353385,-0.99152088192484
