,Topotecan,Gemcitabine,Gefitinib,Cisplatin,Doxorubicin,Erlotinib,Docetaxel,Paclitaxel,Carboplatin
545R,-8.35988438824375,1.43141632100733,-3.3488183965233,-0.953430960298803,-3.06590627139899,-3.03485284623164,0.212870006516976,-3.74661200243405,-0.279773330683829
992om,-11.3704668087493,1.66089980310555,-3.1799857447546,-0.370593691977921,-2.54613797630562,2.75945532263269,-1.64393123963393,-5.16324743654594,0.348946034051137
